{
  "controller/Main.controller.js": 1768129822338,
  "i18n/i18n_zh_CN.properties": 1768129822338,
  "i18n/i18n.properties": 1768129822338,
  "controller/App.controller.js": 1768129822338,
  "lib/marked.min.js": 1768129822342,
  "lib/highlight.min.js": 1768129822342,
  "i18n/i18n_en.properties": 1768129822338,
  "controller/Home.controller.js": 1768129822338,
  "controller/Diagram.controller.js": 1768129822338,
  "lib/mermaid.min.js": 1768129822358,
  "manifest.json": 1768129822358,
  "Component.js": 1768129822338,
  "controller/Main-dbg.controller.js": 1768129822338,
  "controller/Main.controller.js.map": 1768135328232,
  "lib/marked.min-dbg.js": 1768129822342,
  "lib/marked.min.js.map": 1768135328511,
  "lib/highlight.min-dbg.js": 1768129822342,
  "lib/highlight.min.js.map": 1768135328724,
  "controller/App-dbg.controller.js": 1768129822338,
  "controller/App.controller.js.map": 1768135327899,
  "controller/Home-dbg.controller.js": 1768129822338,
  "controller/Home.controller.js.map": 1768135327910,
  "controller/Diagram-dbg.controller.js": 1768129822338,
  "controller/Diagram.controller.js.map": 1768135328134,
  "lib/mermaid.min-dbg.js": 1768129822358,
  "lib/mermaid.min.js.map": 1768135342290,
  "Component-dbg.js": 1768129822338,
  "Component.js.map": 1768135328308,
  "Component-preload.js": 1768135344812,
  "Component-preload.js.map": 1768135344822,
  "view/Main.view.xml": 1768129822358,
  "view/Home.view.xml": 1768129822358,
  "view/DrawioDialog.fragment.xml": 1768129822358,
  "view/Diagram.view.xml": 1768129822358,
  "view/App.view.xml": 1768129822358,
  "images/accenture-logo.png": 1768129822342,
  "images/accenture-big-logo.png": 1768129822342,
  "css/style.css": 1768129822338,
  "css/highlight-github-dark.min.css": 1768129822338,
  "index.html": 1768129822342
}