{
  "lib/mermaid.min.js.map": 1768183680542,
  "i18n/i18n_en.properties": 1768129822338,
  "i18n/i18n_zh_CN.properties": 1768129822338,
  "controller/Main.controller.js": 1768129822338,
  "lib/marked.min.js": 1768129822342,
  "lib/highlight.min.js": 1768129822342,
  "lib/mermaid.min.js": 1768129822358,
  "controller/Home.controller.js": 1768129822338,
  "controller/Diagram.controller.js": 1768129822338,
  "controller/App.controller.js": 1768129822338,
  "manifest.json": 1768129822358,
  "Component.js": 1768129822338,
  "controller/Main-dbg.controller.js": 1768129822338,
  "controller/Main.controller.js.map": 1768183667032,
  "lib/marked.min-dbg.js": 1768129822342,
  "lib/marked.min.js.map": 1768183667156,
  "lib/highlight.min-dbg.js": 1768129822342,
  "lib/highlight.min.js.map": 1768183667523,
  "lib/mermaid.min-dbg.js": 1768129822358,
  "i18n/i18n.properties": 1768129822338,
  "controller/Home-dbg.controller.js": 1768129822338,
  "controller/Home.controller.js.map": 1768183667038,
  "controller/Diagram-dbg.controller.js": 1768129822338,
  "controller/Diagram.controller.js.map": 1768183667327,
  "controller/App-dbg.controller.js": 1768129822338,
  "controller/App.controller.js.map": 1768183667158,
  "Component-dbg.js": 1768129822338,
  "Component.js.map": 1768183667228,
  "Component-preload.js": 1768183683332,
  "Component-preload.js.map": 1768183683342,
  "view/Main.view.xml": 1768129822358,
  "view/Home.view.xml": 1768129822358,
  "view/DrawioDialog.fragment.xml": 1768129822358,
  "view/Diagram.view.xml": 1768129822358,
  "view/App.view.xml": 1768129822358,
  "css/style.css": 1768129822338,
  "css/highlight-github-dark.min.css": 1768129822338,
  "images/accenture-logo.png": 1768129822342,
  "images/accenture-big-logo.png": 1768129822342,
  "index.html": 1768129822342
}